{
  "formatVersion": 1,
  "database": {
    "version": 1,
    "identityHash": "381651432468f6b4357d7ffa5815e74b",
    "entities": [
      {
        "tableName": "DemoAlbum",
        "createSql": "CREATE TABLE IF NOT EXISTS `${TABLE_NAME}` (`id` INTEGER PRIMARY KEY AUTOINCREMENT, `nom` TEXT, `artiste` TEXT, `dateDeSortie` INTEGER)",
        "fields": [
          {
            "fieldPath": "id",
            "columnName": "id",
            "affinity": "INTEGER",
            "notNull": false
          },
          {
            "fieldPath": "nom",
            "columnName": "nom",
            "affinity": "TEXT",
            "notNull": false
          },
          {
            "fieldPath": "artiste",
            "columnName": "artiste",
            "affinity": "TEXT",
            "notNull": false
          },
          {
            "fieldPath": "dateDeSortie",
            "columnName": "dateDeSortie",
            "affinity": "INTEGER",
            "notNull": false
          }
        ],
        "primaryKey": {
          "columnNames": [
            "id"
          ],
          "autoGenerate": true
        },
        "indices": [],
        "foreignKeys": []
      }
    ],
    "views": [],
    "setupQueries": [
      "CREATE TABLE IF NOT EXISTS room_master_table (id INTEGER PRIMARY KEY,identity_hash TEXT)",
      "INSERT OR REPLACE INTO room_master_table (id,identity_hash) VALUES(42, \"381651432468f6b4357d7ffa5815e74b\")"
    ]
  }
}